id,track_name,artist_name,preview_url,danceability,energy,key,loudness,mode,speechiness,acousticness,instrumentalness,liveness,valence,tempo,duration_ms,time_signature,multiclass_label
6VTbbVjKOC2qWagIDbkJrC,My Baby Just Cares for Me - 2013 Remastered Version,Nina Simone,https://p.scdn.co/mp3-preview/0bac103833e0ba2e80a737f34f9372c063965895?cid=7ed7c46c328045f7bc4fca6c7d81d3c0,0.746,0.243,4,-15.134,0,0.123,0.829,1.02e-06,0.0905,0.425,118.578,215747,4,6
1YQWosTIljIvxAgHWTp7KP,Take Five,The Dave Brubeck Quartet,https://p.scdn.co/mp3-preview/eb37af1ddf50ffaa177884c1a62fc669e69dd472?cid=7ed7c46c328045f7bc4fca6c7d81d3c0,0.454,0.26,8,-13.193,0,0.0401,0.539,0.00078,0.0675,0.598,174.322,324133,5,6
0aWMVrwxPNYkKmFthzmpRi,Blue in Green (feat. John Coltrane & Bill Evans),Miles Davis,https://p.scdn.co/mp3-preview/9cedbd49d385ca7b8e22d7ba1d000a294dd8754e?cid=7ed7c46c328045f7bc4fca6c7d81d3c0,0.421,0.0162,2,-25.358,0,0.0388,0.808,0.0024,0.0978,0.154,110.479,337733,4,6
4vLYewWIvqHfKtJDk8c8tq,"So What (feat. John Coltrane, Cannonball Adderley & Bill Evans)",Miles Davis,https://p.scdn.co/mp3-preview/d1a1a7b585e7bcf9becc2ab44938f6399fe90659?cid=7ed7c46c328045f7bc4fca6c7d81d3c0,0.532,0.151,0,-17.266,1,0.0376,0.706,0.00136,0.116,0.211,136.759,562640,4,6
1ZXu0ib26kWfQQngREMcU2,Giant Steps - 2020 Remaster,John Coltrane,https://p.scdn.co/mp3-preview/8ba4567261c9bc0b9c2393ffbaea1753e7a04b07?cid=7ed7c46c328045f7bc4fca6c7d81d3c0,0.417,0.42,0,-13.046,0,0.06,0.186,0.00111,0.185,0.517,147.143,287844,4,6
1LGqJ3nvxpVXDWpEzq4DJD,All of Me,Billie Holiday,https://p.scdn.co/mp3-preview/9e9abd033894e3e373e795742d0c63c982d786ca?cid=7ed7c46c328045f7bc4fca6c7d81d3c0,0.504,0.0644,2,-14.754,0,0.0408,0.972,4.36e-06,0.174,0.403,106.994,181440,5,6
54h1RKrrFJDsNOfhwmqu9o,In the Mood - Live,Glenn Miller,https://p.scdn.co/mp3-preview/531b9d7fc05c730851c88386d9a3f5734eb21843?cid=7ed7c46c328045f7bc4fca6c7d81d3c0,0.463,0.654,8,-9.72,1,0.0659,0.824,0.917,0.372,0.592,175.204,209573,4,6
0RNxWy0PC3AyH4ThH3aGK6,Mack the Knife,Louis Armstrong,https://p.scdn.co/mp3-preview/d9d85f20ecf67dd2af7248b2f78ad649e1fa6a06?cid=7ed7c46c328045f7bc4fca6c7d81d3c0,0.673,0.377,0,-14.141,1,0.0697,0.586,0.0,0.332,0.713,88.973,201467,4,6
6MN6yRVriszuyAVlyF8ndB,Coffee Cold,Galt MacDermot,https://p.scdn.co/mp3-preview/f25e7453e3aa8f11321bd4461a93b58fe371c4e8?cid=7ed7c46c328045f7bc4fca6c7d81d3c0,0.685,0.472,9,-9.691,0,0.0298,0.785,0.284,0.224,0.475,80.487,205720,4,6
4zxd4tiXPlWMqoJltbVTbE,Stella By Starlight (feat. John Coltrane & Bill Evans),Miles Davis,https://p.scdn.co/mp3-preview/25842813169cebca898826a7a11fca2c7f08dc77?cid=7ed7c46c328045f7bc4fca6c7d81d3c0,0.47,0.144,10,-12.824,1,0.0365,0.912,0.000118,0.0965,0.243,84.787,284560,4,6
6Kr25pa3pTd4no3yA0EcW1,This Is Always,Betty Carter,https://p.scdn.co/mp3-preview/c05bac3e2a9831a10e44a5b7574630302e27b589?cid=7ed7c46c328045f7bc4fca6c7d81d3c0,0.417,0.0644,4,-19.687,0,0.0359,0.971,0.000134,0.126,0.138,113.713,191960,4,6
5vb7At47uO0yPGfmYnAHuw,"'Round Midnight (feat. John Coltrane, Red Garland, Paul Chambers & Philly Joe Jones)",Miles Davis,https://p.scdn.co/mp3-preview/c4114e23f7f1ea9ed4321113006c9c2599e5d355?cid=7ed7c46c328045f7bc4fca6c7d81d3c0,0.494,0.182,10,-11.116,0,0.0443,0.79,0.00036,0.129,0.21,112.689,355333,4,6
3PJMsxg6rz9FOo6xNiASXz,Goodbye Pork Pie Hat,Charles Mingus,https://p.scdn.co/mp3-preview/05eba2024f734955141b525fbce773da11b50461?cid=7ed7c46c328045f7bc4fca6c7d81d3c0,0.356,0.0937,8,-16.64,0,0.0353,0.957,0.096,0.209,0.278,86.669,342373,3,6
1xicvSO4CJ2ymqYgpk7DFh,"Milestones (feat. John Coltrane, Cannonball Adderley, Red Garland, Paul Chambers & Philly Joe Jones)",Miles Davis,https://p.scdn.co/mp3-preview/4fe47c49e5ca36f32c0248bafed30baee5c439cc?cid=7ed7c46c328045f7bc4fca6c7d81d3c0,0.553,0.546,9,-7.459,0,0.0341,0.439,0.000557,0.167,0.7,118.214,342067,4,6
2JOEPbuwVf0nafGnMSVEhH,My Favorite Things,John Coltrane,https://p.scdn.co/mp3-preview/f5c11004f9f6e5d44398a33ce77a60139fd5e9a7?cid=7ed7c46c328045f7bc4fca6c7d81d3c0,0.277,0.242,4,-18.442,1,0.0342,0.694,0.464,0.113,0.285,175.384,824133,3,6
2xm9ihELo6xwrRKrBbPql9,Body and Soul,Coleman Hawkins,https://p.scdn.co/mp3-preview/3e9f6ae5d786a05b6267fa4ac189d4b037d0651e?cid=7ed7c46c328045f7bc4fca6c7d81d3c0,0.659,0.113,10,-16.756,0,0.0569,0.976,0.88,0.179,0.738,95.063,182360,4,6
1GZD0TZJHmdQaZsucHBmWT,Besame Mucho,Dave Brubeck,https://p.scdn.co/mp3-preview/7b438aa8c906d7bc13dd3dcb09c8a3f9c1d280c1?cid=7ed7c46c328045f7bc4fca6c7d81d3c0,0.517,0.273,10,-17.279,0,0.0627,0.866,0.774,0.979,0.321,63.423,354573,4,6
5cAwEKmadsW4nCYe9QUvgU,Naima - Mono,John Coltrane,https://p.scdn.co/mp3-preview/3155a86c45d6c5fb1d4fb16493d1b9aa95b284a1?cid=7ed7c46c328045f7bc4fca6c7d81d3c0,0.292,0.012,10,-21.638,0,0.0393,0.905,0.164,0.0813,0.133,170.106,265049,3,6
4JWfPMjVEh4SusNs8V3gt5,From Gagarin's Point of View,Esbjörn Svensson Trio,https://p.scdn.co/mp3-preview/119355d96650892118b8190eaf2e7d3f27441508?cid=7ed7c46c328045f7bc4fca6c7d81d3c0,0.635,0.0278,2,-21.504,0,0.0406,0.537,0.872,0.213,0.12,103.016,243333,4,6
0Otf1ZfYNIjhqFIuJk0fsy,Tea for Two,Art Tatum,https://p.scdn.co/mp3-preview/6d2640fb03879c1969fea5c455e7079f6dfc2e4d?cid=7ed7c46c328045f7bc4fca6c7d81d3c0,0.358,0.452,1,-13.02,1,0.0347,0.991,0.864,0.14,0.525,166.973,193867,4,6
1CRxANVlNyN2IYjarx96gU,Visa från Utanmyra,Jan Johansson,https://p.scdn.co/mp3-preview/faed4e15d6ce914b5185efebca7d48c7733f50c2?cid=7ed7c46c328045f7bc4fca6c7d81d3c0,0.618,0.0772,9,-21.306,0,0.0514,0.975,0.919,0.107,0.36,104.691,273800,4,6
5p6me2mwQrGfH30eExHn6v,Take Five,Dave Brubeck,https://p.scdn.co/mp3-preview/0e99bd46f68839fd245e686586c1518d6db37c03?cid=7ed7c46c328045f7bc4fca6c7d81d3c0,0.457,0.219,8,-15.325,0,0.0385,0.545,0.00098,0.0681,0.62,168.55,323067,5,6
6oVY50pmdXqLNVeK8bzomn,My Favorite Things,John Coltrane,https://p.scdn.co/mp3-preview/0182f30c954ce91a2e792f34537bbfe6c27d83a2?cid=7ed7c46c328045f7bc4fca6c7d81d3c0,0.28,0.214,4,-19.244,1,0.0309,0.702,0.446,0.112,0.226,175.028,826000,3,6
1qzED4cMotTBHcVIav4x5a,Moonlight Serenade,Glenn Miller,https://p.scdn.co/mp3-preview/0f27f3d84212b93a42409f2a1a8261bb6cf457a0?cid=7ed7c46c328045f7bc4fca6c7d81d3c0,0.325,0.353,3,-5.803,1,0.0269,0.798,0.436,0.119,0.224,78.384,203267,4,6
5Uftxvqqbi70QdCpLb0fKu,God Bless the Child,Sonny Rollins,https://p.scdn.co/mp3-preview/d271ae7e29db0f3e87582137d0d869bff7ae483d?cid=7ed7c46c328045f7bc4fca6c7d81d3c0,0.48,0.0685,2,-17.1,1,0.0345,0.919,0.00513,0.0766,0.142,102.546,445240,4,6
1EzGtQRzHlP3xNvzNalgvZ,Mood Indigo,Louis Armstrong,https://p.scdn.co/mp3-preview/b6e27d4a7a0bfda7e44ff7144401d054aaabc0ab?cid=7ed7c46c328045f7bc4fca6c7d81d3c0,0.404,0.0722,5,-17.763,1,0.0421,0.905,0.372,0.122,0.225,70.094,240040,4,6
7vrUr4ik4xw8ukdGdQ1v9Q,Dream Another,Makaya McCraven,https://p.scdn.co/mp3-preview/2079e612e4c40a84a109fb5db573e366a3f3b1f9?cid=7ed7c46c328045f7bc4fca6c7d81d3c0,0.534,0.552,1,-10.467,0,0.0333,0.15,0.923,0.0842,0.966,150.711,192938,4,6
4S9x6X8aX0mV4IWvckW5QC,The Avenues,Adrian Younge,https://p.scdn.co/mp3-preview/4c8cdf2a011026ae3bbde78c27de422f4f724119?cid=7ed7c46c328045f7bc4fca6c7d81d3c0,0.246,0.767,0,-7.142,0,0.0351,0.0126,0.921,0.269,0.675,170.826,257240,4,6
5MeG3sTzj1EBYSrlU5qp0p,Something's Going On,Kokoroko,https://p.scdn.co/mp3-preview/1d4ed8de2cd8d561c699cfeb071feb926deda978?cid=7ed7c46c328045f7bc4fca6c7d81d3c0,0.349,0.676,1,-10.861,1,0.0623,0.0266,0.523,0.131,0.505,86.374,312093,4,6
2t6CjjlQr9rBrXUiZgDR5M,Reload,Marialy Pacheco,https://p.scdn.co/mp3-preview/62f8299dbf2082535f6bad44bcb178e861b02680?cid=7ed7c46c328045f7bc4fca6c7d81d3c0,0.587,0.531,6,-12.414,1,0.0523,0.695,0.772,0.0563,0.723,114.975,446960,4,6
1mO6jUnWeWtVYRXGoGFI70,Trinity,Snarky Puppy,https://p.scdn.co/mp3-preview/4d986c09b56fbce987aebd7d78817095b410c326?cid=7ed7c46c328045f7bc4fca6c7d81d3c0,0.539,0.648,1,-8.474,0,0.0535,0.349,0.779,0.114,0.402,159.91,474310,4,6
0byQBl2ojtZxpNCMCVdCCj,Dribble,Anomalie,https://p.scdn.co/mp3-preview/c6e30514d4db19fdcf5c5446c0723f5bd0d6828f?cid=7ed7c46c328045f7bc4fca6c7d81d3c0,0.575,0.601,11,-9.812,1,0.0612,0.63,0.573,0.126,0.525,81.97,210572,4,6
36tF6eoNw42PF9KsHV25wg,Black Alchemy/Hall of Mirrors,Marquis Hill,https://p.scdn.co/mp3-preview/c72fb42d2f74fc35135256d1e3976cab5b7b4325?cid=7ed7c46c328045f7bc4fca6c7d81d3c0,0.477,0.731,1,-10.907,1,0.0948,0.483,0.0922,0.12,0.713,133.99,360875,4,6
5li75DMlmHshiqcMStzxhF,Disco Ears,Joshua Redman,https://p.scdn.co/mp3-preview/5c8bac02ab24fbd3e34dc9772b441c123f8e47b7?cid=7ed7c46c328045f7bc4fca6c7d81d3c0,0.524,0.552,5,-11.635,1,0.0322,0.757,0.827,0.085,0.486,119.448,381160,4,6
6dHZsOuOsmLSTs1PAyl0aj,Bajrangbali,Pachakuti,https://p.scdn.co/mp3-preview/d6d090cf99a972f72c955d87e37eaea014baac92?cid=7ed7c46c328045f7bc4fca6c7d81d3c0,0.734,0.559,9,-9.442,0,0.0309,0.238,0.907,0.123,0.807,131.964,212933,4,6
5Uq45pwM3VHj9PeWDyjWLR,SOMETHIN' (feat. Ego Ella May),Theo Croker,https://p.scdn.co/mp3-preview/38efccb3e1589f38f071a858118e28d4f454397c?cid=7ed7c46c328045f7bc4fca6c7d81d3c0,0.524,0.485,5,-9.549,0,0.0426,0.665,0.00633,0.233,0.316,90.129,190027,4,6
0jpQ9EDSXQUiLyek5i6WYM,Beep Durple,Cory Weeds,https://p.scdn.co/mp3-preview/ae7f467c296382b91d2213b5addf509c1f478608?cid=7ed7c46c328045f7bc4fca6c7d81d3c0,0.603,0.469,2,-10.352,0,0.0369,0.795,0.842,0.101,0.878,85.294,380631,4,6
0P0vNFONGtnVFxEEk3k0K2,Wings,Theon Cross,https://p.scdn.co/mp3-preview/f87a54182b89247fede323d6959e8a2b13f549f3?cid=7ed7c46c328045f7bc4fca6c7d81d3c0,0.519,0.891,1,-6.157,1,0.0578,0.0112,0.756,0.0804,0.838,91.433,330875,4,6
4n4uG6LLOH4xab3V7fbrO7,Captured Time,Portico Quartet,https://p.scdn.co/mp3-preview/65f074563de7fbe7708a9dc77440c138b4935a57?cid=7ed7c46c328045f7bc4fca6c7d81d3c0,0.413,0.678,5,-9.512,1,0.0311,0.11,0.95,0.122,0.0811,79.99,264360,4,6
16cB05rfZF8GYqwtSPkXuy,El Neo Songo,Kansado,https://p.scdn.co/mp3-preview/bc752fb28c7ad2494d5b7a4f5da3a77a6a101f6d?cid=7ed7c46c328045f7bc4fca6c7d81d3c0,0.701,0.575,6,-10.158,0,0.0544,0.605,0.569,0.281,0.344,92.017,187826,4,6
1Fs2kqyfm1wnFE83eIAqF7,The Chant,Greg Spero,https://p.scdn.co/mp3-preview/2ac505038944f273a2ae4b4d9a31d0e9f4a511bf?cid=7ed7c46c328045f7bc4fca6c7d81d3c0,0.647,0.504,1,-11.259,1,0.195,0.248,0.856,0.0874,0.293,84.149,266453,4,6
1Iqeeci1aIDfZpelLxMSni,Remembering,Joey Alexander,https://p.scdn.co/mp3-preview/21dfed34b958cd62f7febde1e3c42ab36252d4b3?cid=7ed7c46c328045f7bc4fca6c7d81d3c0,0.401,0.349,5,-14.746,0,0.0359,0.792,0.882,0.129,0.297,128.818,344295,4,6
31KtddFzLJobEIyxBHT3gS,The Garden Path,Kamasi Washington,https://p.scdn.co/mp3-preview/ab2bf1b96dbc70550a27adb7e876bb3ea0e1341a?cid=7ed7c46c328045f7bc4fca6c7d81d3c0,0.428,0.903,6,-8.874,0,0.0869,0.0313,0.534,0.179,0.4,150.167,400171,4,6
2ORBalkbIaHkQyAPIyd4Qq,Jike'lemaweni,Somi,https://p.scdn.co/mp3-preview/e3f5ca2f3f3dcda7fff06254f4f52a3073ae213d?cid=7ed7c46c328045f7bc4fca6c7d81d3c0,0.755,0.63,5,-8.189,0,0.0842,0.591,0.0,0.268,0.792,112.942,268212,4,6
7KVWQzXYf9m2xo2R7A1e38,Ereshkigal of the Underworld,Connie Han,https://p.scdn.co/mp3-preview/881ce5769567d88010de14d2d4c97d899b3b3b7f?cid=7ed7c46c328045f7bc4fca6c7d81d3c0,0.374,0.479,0,-15.025,1,0.0312,0.742,0.933,0.164,0.583,108.786,181320,5,6
5d6C0v7ir8lVRCymD9X2Ss,Brouhaha,Christian McBride,https://p.scdn.co/mp3-preview/d83bed2994eff07f921e74e2ae082a2dbc4d2cc3?cid=7ed7c46c328045f7bc4fca6c7d81d3c0,0.533,0.465,5,-10.221,0,0.0687,0.459,0.479,0.147,0.713,117.416,296666,4,6
5EcuMsEpZ3K9HLsdS03oq4,LDN,Alexander Flood,https://p.scdn.co/mp3-preview/ee368928a25a08670a5eaef88cfca019b6237c36?cid=7ed7c46c328045f7bc4fca6c7d81d3c0,0.641,0.859,11,-7.669,0,0.0456,0.00378,0.804,0.103,0.157,114.985,448974,4,6
1MMywhwJKpbVZeDlBAzOAH,A Night In Tunisia,Grace Kelly,https://p.scdn.co/mp3-preview/cff5f28c8cc16cfcd96d2cc2f67dee302d6a2352?cid=7ed7c46c328045f7bc4fca6c7d81d3c0,0.806,0.55,7,-11.646,1,0.121,0.315,0.902,0.1,0.603,120.0,254506,4,6
6zX73swV0JYKmOUSBpqLSt,Walk Cycle,The JuJu Exchange,https://p.scdn.co/mp3-preview/b1441e8bd6b113f47ae8e9153e59fea5875319cf?cid=7ed7c46c328045f7bc4fca6c7d81d3c0,0.525,0.61,5,-9.312,0,0.0441,0.224,0.901,0.102,0.538,85.028,192013,4,6
2EJF3EdnuLtLNVNafgP08h,Reste un oiseau,Anne Paceo,https://p.scdn.co/mp3-preview/fd80d79c9431a9e20e9011017c6f102821c2975a?cid=7ed7c46c328045f7bc4fca6c7d81d3c0,0.368,0.297,0,-12.584,1,0.0342,0.971,0.421,0.112,0.304,172.846,195778,4,6
0mhDVzQgnwtrY1JnDqz7KQ,Why Not?,Kiefer,https://p.scdn.co/mp3-preview/795a33290ec7b46fa3fd39f5bf5523870648351f?cid=7ed7c46c328045f7bc4fca6c7d81d3c0,0.613,0.697,7,-9.788,1,0.0443,0.0379,0.728,0.829,0.615,102.435,330089,4,6
0XuzuAyCGR3fSO6q7f9gEf,Ondes of Chakras,Dhafer Youssef,https://p.scdn.co/mp3-preview/c3c88af2c906367321349c04451300da2e7778d0?cid=7ed7c46c328045f7bc4fca6c7d81d3c0,0.496,0.292,4,-18.884,0,0.0303,0.799,0.939,0.0714,0.489,116.393,377232,3,6
5FHITxNz6XuYTfSnyqMVGR,Ascent,GoGo Penguin,https://p.scdn.co/mp3-preview/b0463d306a617452891b58540f222bf2ee9d46dd?cid=7ed7c46c328045f7bc4fca6c7d81d3c0,0.439,0.477,10,-12.852,0,0.0354,0.282,0.796,0.106,0.487,118.507,280401,4,6
6IaE8Jw1Wm5GyXjDZT3gOk,Faith,Lucas Figueiredo Santana,https://p.scdn.co/mp3-preview/bd3188ef3808ccb648cb7017e7e142286d28b97b?cid=7ed7c46c328045f7bc4fca6c7d81d3c0,0.452,0.423,7,-13.099,0,0.043,0.867,0.814,0.33,0.495,118.735,513613,4,6
5N9bcA6tfDSDCcymXQlqqn,"Eh Hee 2.0 (feat. Dave Matthews, Pat Metheny)",Antonio Sánchez,https://p.scdn.co/mp3-preview/8e903bfefcfd632e7c7904481c71dbff8274ed34?cid=7ed7c46c328045f7bc4fca6c7d81d3c0,0.448,0.572,10,-8.245,0,0.0833,0.117,8.83e-06,0.153,0.521,82.583,268466,4,6
7y4FhiHBPKB6EqFQV66CDR,Victory Dance,Ezra Collective,https://p.scdn.co/mp3-preview/7a1819a99288404f43e3a037b1f45da787e7d91a?cid=7ed7c46c328045f7bc4fca6c7d81d3c0,0.663,0.754,4,-10.077,0,0.0584,0.00145,0.859,0.0544,0.499,138.032,295893,4,6
0Bh4RCRlTcWUDNCu3CPgW6,Joy Road,Jazzanova,https://p.scdn.co/mp3-preview/f4a47b2d68dc2654737739a149ee2d70a895edba?cid=7ed7c46c328045f7bc4fca6c7d81d3c0,0.685,0.294,2,-15.494,0,0.0298,0.704,0.948,0.103,0.614,132.003,233067,4,6
7atmsefAJDBe9Sq3fzWGiz,MB (for Ma’Khia Bryant),Braxton Cook,https://p.scdn.co/mp3-preview/3748967c7556349b4dd0b82f1749cf141405e387?cid=7ed7c46c328045f7bc4fca6c7d81d3c0,0.527,0.642,5,-7.775,0,0.0434,0.099,0.732,0.142,0.244,106.317,333384,4,6
5O57Dy2CswuB7MTDu0lS2H,Times,DoomCannon,https://p.scdn.co/mp3-preview/6c0d342bb15cf332c663d708c91b2789c1e87151?cid=7ed7c46c328045f7bc4fca6c7d81d3c0,0.529,0.516,0,-10.398,0,0.0382,0.165,0.29,0.153,0.35,90.106,372213,4,6
6wWQOQk8NmLaOJH7xuKnY4,Nature Boy,David Hazeltine,https://p.scdn.co/mp3-preview/68ecb7b9e590437520b3aacef44f1f17b2f207b0?cid=7ed7c46c328045f7bc4fca6c7d81d3c0,0.439,0.44,1,-14.738,1,0.032,0.854,0.89,0.0935,0.39,116.373,372377,3,6
5LvYyX92OBI2bNAdfT98X9,Mystics - Live,Yussef Dayes,https://p.scdn.co/mp3-preview/d01841875ba0b1172b93732ebea700c70f633cae?cid=7ed7c46c328045f7bc4fca6c7d81d3c0,0.624,0.195,1,-18.619,1,0.0575,0.545,0.888,0.0913,0.0525,88.726,227435,4,6
0xaTg3VQlkaeWmmBuzSKR4,Chandler,Ebi Soda,https://p.scdn.co/mp3-preview/74a8c1349abd54939c9055ee768f1622ae294920?cid=7ed7c46c328045f7bc4fca6c7d81d3c0,0.524,0.679,10,-7.043,1,0.0473,0.0516,0.826,0.633,0.377,155.986,221129,4,6
3X0HDn9m6yXzAyjV0VZugH,Big Foot (feat. Joshua Redman),Tigran Hamasyan,https://p.scdn.co/mp3-preview/9f628ec55db67707bf3ee73b892d18c7e7ca8680?cid=7ed7c46c328045f7bc4fca6c7d81d3c0,0.445,0.586,2,-10.163,0,0.0606,0.386,0.547,0.0731,0.598,145.392,450153,4,6
0CcZcX4yIRKlbbJ98u9Hcp,The Storm Will Pass,Adam Blackstone,https://p.scdn.co/mp3-preview/30d060bba1ca6da8267f7cad61f5175fe5f5b430?cid=7ed7c46c328045f7bc4fca6c7d81d3c0,0.45,0.565,1,-9.5,1,0.0422,0.176,0.904,0.0416,0.408,81.981,342696,4,6
2H2t8HCFkE2TIN8xik7wGE,Circadian,pantology,https://p.scdn.co/mp3-preview/59a923b5a306e7bb7b42de4b466c01741dd156b9?cid=7ed7c46c328045f7bc4fca6c7d81d3c0,0.697,0.8,5,-9.757,0,0.0403,0.0122,0.937,0.0834,0.89,91.989,161799,4,6
1PHkwus4CNhHE17xM8k5Fx,All Roads Lead To Los Angeles,High Pulp,https://p.scdn.co/mp3-preview/4e166d27e6dc9434107789da0564950dbfcb6d5a?cid=7ed7c46c328045f7bc4fca6c7d81d3c0,0.389,0.893,2,-7.272,1,0.0571,0.0266,0.861,0.329,0.369,92.063,282067,5,6
44egUa8FkT17spwSFvQis6,Midnight Crisp,Takuya Kuroda,https://p.scdn.co/mp3-preview/9497b44f056d0df4c00749c48c0d39682cc14403?cid=7ed7c46c328045f7bc4fca6c7d81d3c0,0.45,0.839,8,-8.435,1,0.051,0.024,0.874,0.113,0.596,87.736,326553,4,6
2JzM0hryP9GtTaoNujfZ7O,Flume Ride Blues,High John,https://p.scdn.co/mp3-preview/212a0f930858369c491bb0d1fa371bb26e1a7d5a?cid=7ed7c46c328045f7bc4fca6c7d81d3c0,0.612,0.308,6,-19.131,1,0.0614,0.138,0.795,0.121,0.546,143.919,228620,4,6
7sOEgNweXVf2N4ae7hzKMU,Funkdombe - edit,Hector Bingert,https://p.scdn.co/mp3-preview/913a1960560517fe355bbd989d49586fc0dba3bb?cid=7ed7c46c328045f7bc4fca6c7d81d3c0,0.514,0.703,0,-13.118,0,0.0622,0.533,0.803,0.0561,0.896,110.611,230375,4,6
0kUdHd3S9GZsmFxNrBqp2w,I LOVE BLACK WOMEN,Nathan-Paul,https://p.scdn.co/mp3-preview/0507f4002160d1e7f256522458a29a6cf2e16e01?cid=7ed7c46c328045f7bc4fca6c7d81d3c0,0.581,0.775,8,-6.05,0,0.049,0.00222,0.856,0.121,0.827,93.96,155106,4,6
4uS12ibCJvo83kxACQgC3e,Below,Avishai Cohen,https://p.scdn.co/mp3-preview/749d61a4b66519cf164a2a4c9b4c871c46e0ff12?cid=7ed7c46c328045f7bc4fca6c7d81d3c0,0.41,0.266,1,-20.835,1,0.036,0.889,0.853,0.11,0.389,144.061,270778,4,6
2NE3hVkSulF5bTKa1uhJjV,Blue For You,Charlie Peacock,https://p.scdn.co/mp3-preview/d9276ff827910f9a68ef482cfbf63bf49322d4f8?cid=7ed7c46c328045f7bc4fca6c7d81d3c0,0.324,0.677,10,-10.752,1,0.0432,0.285,0.0131,0.151,0.4,157.349,450695,3,6
0UwQljCILorlIvAh4KqOzd,Cryogen,daniel hayn,https://p.scdn.co/mp3-preview/85db459ff247f9faacd601f302a5993f404d9372?cid=7ed7c46c328045f7bc4fca6c7d81d3c0,0.425,0.936,11,-9.479,0,0.047,0.264,0.826,0.106,0.326,117.813,202633,4,6
6XSEJN0k4yL6z0bGJ1s4Fx,Network of 3,H ZETTRIO,https://p.scdn.co/mp3-preview/6f32eda36e854efafd0a0c7ed0b0c4f375393942?cid=7ed7c46c328045f7bc4fca6c7d81d3c0,0.446,0.716,2,-8.891,0,0.0336,0.00334,0.651,0.11,0.487,157.041,255000,4,6
79gj6Q29XQvrAzW5p3g4Bl,Hornets,Walter Smith III,https://p.scdn.co/mp3-preview/cb8a179e1a07dab4552b581d632073ad0c31af3e?cid=7ed7c46c328045f7bc4fca6c7d81d3c0,0.528,0.425,6,-7.959,1,0.0337,0.696,0.706,0.329,0.301,164.714,226570,4,6
6evizKGLv223qG5hpReBWy,In Contemplation of Clair’s Scent - Edit,Terence Etc.,https://p.scdn.co/mp3-preview/8785341bab9eb85dcdf64f199e44bdba635cadf6?cid=7ed7c46c328045f7bc4fca6c7d81d3c0,0.437,0.623,7,-10.725,1,0.0592,0.0399,0.00508,0.107,0.513,112.082,170109,4,6
6MyPzGgsio8bnZZsb5ueyI,yield,cktrl,https://p.scdn.co/mp3-preview/d9041c1301443b242fdbdeebca9fc361860d90c6?cid=7ed7c46c328045f7bc4fca6c7d81d3c0,0.243,0.106,2,-14.581,1,0.0529,0.97,0.138,0.109,0.0509,166.386,319210,3,6
1F39hjm8I9oxamHT3RmQJ2,The Resurrection,Luke Smith,https://p.scdn.co/mp3-preview/7ef95af1c9438ea40d97bc59cf75b5792ccc76a8?cid=7ed7c46c328045f7bc4fca6c7d81d3c0,0.728,0.469,5,-11.324,0,0.0855,0.26,0.0435,0.0895,0.651,88.017,243227,4,6
1w8R8ktBN372wpT5UOCZzT,Reflections,Katalyst,https://p.scdn.co/mp3-preview/d890d0618cc8c5fac823bd14a586e0335e60f6ee?cid=7ed7c46c328045f7bc4fca6c7d81d3c0,0.372,0.746,1,-7.493,1,0.0526,0.0584,0.0462,0.0997,0.533,94.131,422499,4,6
1R3OT4zUhA9p8erPorBcPD,Dust Ball Fantasy (feat. Lionel Loueke),Marcus Strickland Twi-Life,https://p.scdn.co/mp3-preview/73b5e9d4ca4628f6e06a3737d2366867e2383e44?cid=7ed7c46c328045f7bc4fca6c7d81d3c0,0.42,0.635,4,-9.558,0,0.12,0.65,0.34,0.395,0.636,95.952,327774,3,6
4rIDC72fAd26dB4U9pCAGa,Sun of June,Rikard From,https://p.scdn.co/mp3-preview/708ffa0c35ac5036bfd3df796c94236b5b93df5e?cid=7ed7c46c328045f7bc4fca6c7d81d3c0,0.828,0.251,0,-16.778,1,0.0465,0.68,0.893,0.0944,0.79,99.981,225600,4,6
55sg7XJ6nyfOv1VM1OHdHD,What Happens Next?,Little North,https://p.scdn.co/mp3-preview/2b7e032d3c8dc3709c78e0ab538cbc02f7d40caf?cid=7ed7c46c328045f7bc4fca6c7d81d3c0,0.324,0.284,0,-19.674,0,0.0327,0.907,0.876,0.12,0.17,102.037,277000,4,6
19JudMh7z6HFLiXKAUK5K7,Arrows,Nine Sparks Riots,https://p.scdn.co/mp3-preview/bde40fb93414e2b7a145b6ba271c82fc14183230?cid=7ed7c46c328045f7bc4fca6c7d81d3c0,0.577,0.388,1,-11.812,1,0.145,0.602,0.819,0.103,0.652,139.249,234737,4,6
4twURyv1xrqjT9RILugLb3,Ersa,Daylight Robbery!,https://p.scdn.co/mp3-preview/3a55efebba71b319fead89a767ff0d607fbed252?cid=7ed7c46c328045f7bc4fca6c7d81d3c0,0.459,0.593,10,-11.922,1,0.0718,0.218,0.918,0.113,0.187,112.898,227227,5,6
4VwYeANX0aXiCqGGkI4SAx,Black Love,Jean Carn,https://p.scdn.co/mp3-preview/6f913357ede0c46ab20aeae80befe8bc0fc0f9bd?cid=7ed7c46c328045f7bc4fca6c7d81d3c0,0.368,0.743,0,-6.307,1,0.0462,0.369,0.00185,0.226,0.566,99.363,236213,3,6
4l6LEkiXfyZCNVyb9rS6Rg,Resilience,Yellowjackets,https://p.scdn.co/mp3-preview/d7bed2eb923e34b96d9ca7f529b3ae70f0559e29?cid=7ed7c46c328045f7bc4fca6c7d81d3c0,0.691,0.462,4,-10.54,0,0.0342,0.419,0.781,0.11,0.421,106.585,302160,4,6
4LvTgaYf1iMvkBPh9YMK54,Long Way From Home (feat. Eric Harland),Gilad Hekselman,https://p.scdn.co/mp3-preview/68b259e3c3f184cf28a7d044067e3e48542ba436?cid=7ed7c46c328045f7bc4fca6c7d81d3c0,0.395,0.6,10,-9.393,0,0.0742,0.131,0.291,0.157,0.377,97.058,317347,3,6
2b7mhgBdpvDCLYGK8nRfMX,Words Left Unspoken,Jasmine Myra,https://p.scdn.co/mp3-preview/463460f0eefc634950113acecbd079bfe486e717?cid=7ed7c46c328045f7bc4fca6c7d81d3c0,0.534,0.231,1,-15.927,0,0.0303,0.95,0.895,0.0988,0.341,114.991,400800,5,6
4SPtyeZCNeiPsquKP8B8ip,Barney's,The Groove Trio,https://p.scdn.co/mp3-preview/38e52150ae95b8460651327ab35e8ee85fcf3658?cid=7ed7c46c328045f7bc4fca6c7d81d3c0,0.481,0.188,7,-13.449,1,0.04,0.979,0.935,0.104,0.2,52.127,183776,4,6
3sg1RZE32Qwy8j1T1POnBx,Tip Your Hat,6th Street Jazz,https://p.scdn.co/mp3-preview/1a49bcddd76bfe7a50289321b7ccddf33a651eb5?cid=7ed7c46c328045f7bc4fca6c7d81d3c0,0.406,0.165,2,-14.121,0,0.0344,0.913,0.922,0.116,0.16,106.283,238108,4,6
2EhrFpsVC4rkiCf86AeVdv,Ludlow,James Jackson Jazz Trio,https://p.scdn.co/mp3-preview/9d56bf7b920048451adb9b3ba89df3e6e7139520?cid=7ed7c46c328045f7bc4fca6c7d81d3c0,0.434,0.126,0,-16.053,1,0.0363,0.967,0.755,0.11,0.226,53.58,183947,4,6
4WnBYBYzYhS2I838VTxhaN,All My Tomorrows,Figgy Mold,https://p.scdn.co/mp3-preview/508880a0847523dcccc7473442919f7a6ee4941c?cid=7ed7c46c328045f7bc4fca6c7d81d3c0,0.458,0.19,7,-16.454,1,0.0362,0.955,0.947,0.156,0.183,67.36,201515,4,6
2nUhKiUfVdLcGmcdYHdjBw,Last Call,Glass Trio,https://p.scdn.co/mp3-preview/36dc7c6046ba9067afac993c886469c36aca7c4e?cid=7ed7c46c328045f7bc4fca6c7d81d3c0,0.51,0.189,6,-15.775,1,0.0341,0.972,0.928,0.1,0.216,103.792,169863,4,6
6BNIemd2679Bg6BbNjP9Ko,Pearl-button,Meadowpoints,https://p.scdn.co/mp3-preview/d5f77238458dabba4f68c3a4ec2b597cea20d44b?cid=7ed7c46c328045f7bc4fca6c7d81d3c0,0.496,0.125,5,-20.965,1,0.0362,0.978,0.917,0.0948,0.141,61.057,198712,4,6
4eaogpCx2UNkKylwlDNGJ7,Twenty Somethings,The Central Park North,https://p.scdn.co/mp3-preview/08ed591b2e1406dc663915ce6ae20728da10d725?cid=7ed7c46c328045f7bc4fca6c7d81d3c0,0.415,0.148,8,-19.697,1,0.0355,0.988,0.958,0.129,0.303,54.914,152696,4,6
26UQyr3L71oAnXQIJf18gr,Home town,Cole Peers trio,https://p.scdn.co/mp3-preview/334298752a229c9b39161115c9beffad89feb98d?cid=7ed7c46c328045f7bc4fca6c7d81d3c0,0.255,0.0745,0,-19.79,0,0.0395,0.863,0.128,0.133,0.179,75.936,178250,4,6
7xi4NE5HjjIU4sjk2OP466,Muddy Trail,The Three Queens,https://p.scdn.co/mp3-preview/e4f5a38c72c19fb6d1686fb8501df6bada1dea07?cid=7ed7c46c328045f7bc4fca6c7d81d3c0,0.348,0.159,7,-18.122,1,0.0339,0.978,0.973,0.112,0.29,106.682,220879,4,6
3HBNf1kBZB3Sn4idl26aJK,The next day,South North,https://p.scdn.co/mp3-preview/8ffe0ddfafccf094d530ebfba5d0b6d11e015cb1?cid=7ed7c46c328045f7bc4fca6c7d81d3c0,0.454,0.144,10,-15.696,1,0.0396,0.966,0.895,0.247,0.0977,122.556,133420,4,6
59VY0huVKd5pSuJLI9RrMO,The Fate of Love,Mino Conte & Co,https://p.scdn.co/mp3-preview/aa5dcf74b49f8e83f3e2e83eaabadefcba2f571b?cid=7ed7c46c328045f7bc4fca6c7d81d3c0,0.485,0.138,11,-19.272,1,0.0313,0.866,0.541,0.0885,0.105,108.871,170177,4,6
4zYPDHYsvTdUMMy8gRkBAA,Let's go uptown,Newington Green,https://p.scdn.co/mp3-preview/9ed652f5247ee737dc971b2c449750baa966e3aa?cid=7ed7c46c328045f7bc4fca6c7d81d3c0,0.565,0.239,0,-16.679,1,0.0418,0.96,0.894,0.149,0.231,116.419,140648,4,6
0pUJIrhpnvI1wneFmal7oG,Nightfall,David Parks & Silver,https://p.scdn.co/mp3-preview/af56c82a3d99abaedc4bc27b019a32a7a2f362da?cid=7ed7c46c328045f7bc4fca6c7d81d3c0,0.487,0.163,5,-16.707,1,0.0324,0.962,0.891,0.0962,0.161,88.204,192269,4,6
71m0kBDhVhtjFcBCJLFTKc,Silky Smooth,Eira Eld,https://p.scdn.co/mp3-preview/ae120797ad9d4b353758c77c81fe8912c738b867?cid=7ed7c46c328045f7bc4fca6c7d81d3c0,0.45,0.209,7,-17.715,0,0.0393,0.965,0.604,0.112,0.139,67.315,164441,4,6
4Csbgu7LMDGPLjhPgHfQmZ,Prelude To A Kiss,Al Fowler Trio,https://p.scdn.co/mp3-preview/de6437d6630e3c38bbc3705202548c335ee6680e?cid=7ed7c46c328045f7bc4fca6c7d81d3c0,0.629,0.152,9,-18.659,0,0.04,0.967,0.904,0.109,0.0966,116.833,275743,4,6
1POSSxzIB7fLcHDDfbmjDZ,Fools Rush In,The Southern Belle,https://p.scdn.co/mp3-preview/f7cfc7de214e4dbf9c22779e56203d794bcce785?cid=7ed7c46c328045f7bc4fca6c7d81d3c0,0.508,0.126,0,-18.687,1,0.0422,0.947,0.902,0.366,0.095,117.126,273124,4,6
1uptgSNdSsDIVsdynJEoCe,Strangest Sea,Grayville Trio,https://p.scdn.co/mp3-preview/60db3b1aba79d3d6ab7b2fb3c6b25ff36b62af70?cid=7ed7c46c328045f7bc4fca6c7d81d3c0,0.22,0.188,5,-19.148,0,0.036,0.958,0.945,0.106,0.215,56.781,214984,4,6
2qxgWhI1DtwC5X4SzJNvZJ,A Cookie For Marie,Paul Moretti Trio,https://p.scdn.co/mp3-preview/1135e971ef65a85796dbb6f11ebf01f7aa2723c7?cid=7ed7c46c328045f7bc4fca6c7d81d3c0,0.382,0.184,5,-16.697,1,0.0323,0.888,0.551,0.117,0.156,97.513,262647,4,6
79S9Ea6Q347UAPTIWnLmV2,i've got a crush on you,Hunter Paige,https://p.scdn.co/mp3-preview/819bf08626a4005b07d7ac2945b6c2c3472c1504?cid=7ed7c46c328045f7bc4fca6c7d81d3c0,0.582,0.123,7,-16.208,0,0.0364,0.928,0.589,0.121,0.0795,106.559,216759,4,6
7tRueocYJ2FyjtLbHBOZlz,Live Off The Juice,Garry Cooper Trio,https://p.scdn.co/mp3-preview/9182626a7b7e8e328d631dfd960735da39d67386?cid=7ed7c46c328045f7bc4fca6c7d81d3c0,0.381,0.0957,8,-22.221,1,0.0324,0.968,0.891,0.119,0.152,60.077,202208,4,6
6HZgxhesyOy8jkTiAFfQmR,Sometime Ago,Madeleine West,https://p.scdn.co/mp3-preview/359c3cdead3ab644b8e06df8cbeb8f7d93dcfb3d?cid=7ed7c46c328045f7bc4fca6c7d81d3c0,0.538,0.14,9,-17.368,0,0.0393,0.937,0.893,0.324,0.195,86.259,160919,3,6
4n2ZSKL2Kv0yxihsYo4pkg,Young And Foolish,Dee Burton,https://p.scdn.co/mp3-preview/7f03ca08266a4801e97fb07e2d1a3d40d38d24a8?cid=7ed7c46c328045f7bc4fca6c7d81d3c0,0.547,0.125,2,-16.665,0,0.0362,0.968,0.923,0.109,0.134,74.193,215418,4,6
4nTbbttvaqWAuqs78RjFnd,Midnight Moods,Eight Bar Band,https://p.scdn.co/mp3-preview/47d65cf49c57d664e51c0fcbfd6c9ad3c431a7d2?cid=7ed7c46c328045f7bc4fca6c7d81d3c0,0.449,0.0875,1,-19.244,1,0.0344,0.972,0.818,0.113,0.214,94.952,179661,4,6
3wMe1lySKxJeH9iMWXDqgx,Love To Be Happy,Magpie Jazz Trio,https://p.scdn.co/mp3-preview/521cf680ed01377a2033d46aa179b9463fa7f9d4?cid=7ed7c46c328045f7bc4fca6c7d81d3c0,0.466,0.0718,6,-19.581,1,0.0336,0.922,0.916,0.11,0.214,105.252,195276,4,6
6vtzBYf1I2Ozsdp94A2t5i,Beautiful Sunrise,Arta Porting,https://p.scdn.co/mp3-preview/df6830d7089b22ba7888d0941182a32de8b4660d?cid=7ed7c46c328045f7bc4fca6c7d81d3c0,0.362,0.17,0,-18.193,0,0.0338,0.936,0.879,0.109,0.156,107.442,291320,4,6
3GaxNr64IWzj9FUhheY28E,Cycles,Evelyn Parker,https://p.scdn.co/mp3-preview/b8351eb9ed3d00d5d14fe1ca6f96caf0b83cc781?cid=7ed7c46c328045f7bc4fca6c7d81d3c0,0.185,0.0311,0,-23.791,0,0.04,0.915,0.0242,0.113,0.191,175.337,204841,3,6
23M3EyLMK59mwAftJcWjJX,Empty Embrace,Halcyon Jazz Band,https://p.scdn.co/mp3-preview/287f5a8bc7a7d227644527a2b0eb4730804e7f3e?cid=7ed7c46c328045f7bc4fca6c7d81d3c0,0.585,0.115,7,-20.02,1,0.0436,0.949,0.494,0.118,0.141,54.553,185517,4,6
7If1cSPSy5zpDFxNTYzHRs,After You've Gone,Jonas Olofsson,https://p.scdn.co/mp3-preview/7a34c06af51c00d429a88e343be9c8a69b8cfa1b?cid=7ed7c46c328045f7bc4fca6c7d81d3c0,0.495,0.17,0,-16.779,1,0.0403,0.952,0.697,0.12,0.157,124.935,162000,4,6
1nsMASRDWwUwlBMmOuh80d,Without A Song,Meadow Park,https://p.scdn.co/mp3-preview/b679a52718bd4fe3a0863e1bb87597c257ba9a83?cid=7ed7c46c328045f7bc4fca6c7d81d3c0,0.475,0.138,5,-17.099,0,0.0424,0.965,0.884,0.0971,0.123,118.338,236785,4,6
0Gyu7ttkfam04VeAgZEB3c,Waterfall,Pimm's Trio,https://p.scdn.co/mp3-preview/5e0c981226991dc27a4a6991233e2330fd199e7e?cid=7ed7c46c328045f7bc4fca6c7d81d3c0,0.454,0.17,5,-18.568,0,0.0322,0.981,0.9,0.116,0.22,107.067,152100,4,6
11Ya486KvEdIaYgsT8cwsw,Memories Of Her Music,Songbird Trio,https://p.scdn.co/mp3-preview/e46678586f7f0aae31947c290f50a85ad55b4619?cid=7ed7c46c328045f7bc4fca6c7d81d3c0,0.314,0.146,0,-19.282,1,0.033,0.972,0.926,0.153,0.114,88.282,213037,3,6
0TgEPps1Z86WY2henEcH2T,When Your Lover Has Gone,Ray Horne Trio,https://p.scdn.co/mp3-preview/4c6b4b5de7d91633573c13acd808028b2b3bbfc7?cid=7ed7c46c328045f7bc4fca6c7d81d3c0,0.625,0.143,8,-17.669,1,0.036,0.944,0.908,0.203,0.117,96.386,163892,4,6
3QDUpdIPgL1NSpCY9aPpbf,Moody Promenade,Irvin Smith Group,https://p.scdn.co/mp3-preview/9fcec4039ce5e4de5be09cc00b0a95d9ed1b60cf?cid=7ed7c46c328045f7bc4fca6c7d81d3c0,0.558,0.157,9,-17.519,1,0.0335,0.924,0.852,0.0921,0.188,100.764,177448,4,6
7iY29GCGYy8mSaY22eM8NY,Blame It On My Youth,The Headliner Trio,https://p.scdn.co/mp3-preview/06b65b9a0d6bc26cf1d3e7ecef4972010e1ea8b5?cid=7ed7c46c328045f7bc4fca6c7d81d3c0,0.585,0.148,0,-17.05,0,0.0426,0.944,0.924,0.106,0.335,123.379,193188,4,6
561vqucx8o1kmktdzuScCJ,Equilibrio,Les trois copines,https://p.scdn.co/mp3-preview/385ff0a415d7e58ca6ea88bacccc86d29bec6bd8?cid=7ed7c46c328045f7bc4fca6c7d81d3c0,0.523,0.0942,10,-16.722,1,0.0412,0.962,0.225,0.133,0.179,84.425,151163,4,6
76RWGx3zZ46aIY4WPjsLuo,Late Reflections,Douglas Ruby Trio,https://p.scdn.co/mp3-preview/91a60baf9d7ad947c7d549837f4f6e44b5428d45?cid=7ed7c46c328045f7bc4fca6c7d81d3c0,0.451,0.203,1,-16.865,1,0.0307,0.941,0.931,0.148,0.15,100.986,221270,4,6
4B7lJ0073KDXFgWXivllAd,Sincera,The Don Mason Trio,https://p.scdn.co/mp3-preview/1e30025fa5cdb283c3dc7f69159b6bb4d49166ce?cid=7ed7c46c328045f7bc4fca6c7d81d3c0,0.356,0.083,6,-20.743,1,0.0397,0.968,0.922,0.108,0.175,79.064,158619,4,6
2HriYFonV6QkhctkB8DMxY,Banks of Noon,The Lyon Hearts,https://p.scdn.co/mp3-preview/7a73123115d3fdd3c164006781400d756070b7e6?cid=7ed7c46c328045f7bc4fca6c7d81d3c0,0.422,0.196,8,-19.409,1,0.0371,0.979,0.931,0.101,0.148,110.754,215085,4,6
69eesFTk1HKajniFSF2Z9n,Love in the First Degree,Dan Evans-Parker,https://p.scdn.co/mp3-preview/2e2c56b1cb703955a783a8e74b68aeed5aa2ae5d?cid=7ed7c46c328045f7bc4fca6c7d81d3c0,0.515,0.166,9,-17.721,0,0.036,0.965,0.882,0.118,0.0779,62.718,192319,4,6
1FW1U15nbWIAteWTI2Iy9L,Our Love Story,Ben & Katsy,https://p.scdn.co/mp3-preview/8fc8bec6e1a64911897737ba9c3ed79880821cc9?cid=7ed7c46c328045f7bc4fca6c7d81d3c0,0.52,0.107,0,-19.235,1,0.0383,0.968,0.868,0.0972,0.171,76.594,160597,4,6
76ZXW9ifRtf4Ds4r3Dg22N,Sleepless in the City,The Belleville Band,https://p.scdn.co/mp3-preview/e34b42978ec5c1f41444b12ca1ba17a2b5aec988?cid=7ed7c46c328045f7bc4fca6c7d81d3c0,0.316,0.0513,5,-22.718,1,0.0337,0.803,0.0802,0.114,0.11,80.196,217550,4,6
3al4xzBnTjTpcnZsfRiE0y,Out of Wilma,Annie Berenson,https://p.scdn.co/mp3-preview/ce3e9f2fb032b1add16ae806f7251f58192a64bd?cid=7ed7c46c328045f7bc4fca6c7d81d3c0,0.46,0.215,0,-14.197,0,0.0371,0.932,0.828,0.11,0.211,124.691,169612,4,6
2xQWfbb9oAoPpeLNNIyOoR,Clowns And Crowns,Mike Coen,https://p.scdn.co/mp3-preview/e412b348a7ca1b43136e51fee8e417bdee982bb7?cid=7ed7c46c328045f7bc4fca6c7d81d3c0,0.445,0.198,8,-16.807,1,0.038,0.877,0.823,0.251,0.217,112.758,241517,4,6
5byMA13b3vZFCMVAgJNsCo,"Softly, Tenderly",The Smooth Sounds,https://p.scdn.co/mp3-preview/f4a3a1646c6190e7e7ac4683d7d6c578e627b9f8?cid=7ed7c46c328045f7bc4fca6c7d81d3c0,0.501,0.171,9,-17.665,0,0.035,0.961,0.897,0.094,0.0651,92.436,221360,4,6
4BGzJEHAeKKQTomYTveG9n,Rumours,Zoe Rei,https://p.scdn.co/mp3-preview/7d026629cac15ca0fec7054e302fbc8662f8f745?cid=7ed7c46c328045f7bc4fca6c7d81d3c0,0.595,0.15,5,-19.168,1,0.0412,0.963,0.839,0.109,0.205,101.067,200824,4,6
62FrtiVepyS9UGfcTPhu7W,Autumn In New York,Mayfare Trio,https://p.scdn.co/mp3-preview/0c7a2aa19c2eb2f67927213a08d1cc05457c4628?cid=7ed7c46c328045f7bc4fca6c7d81d3c0,0.546,0.152,7,-17.08,0,0.0368,0.958,0.931,0.3,0.144,124.562,259680,4,6
5Bta8U48xSE7r91zzuECxq,Walk With Me,Ryder Quartet,https://p.scdn.co/mp3-preview/73b4d96e4d93b9be3634f54637c776c04e46b4f5?cid=7ed7c46c328045f7bc4fca6c7d81d3c0,0.296,0.164,5,-20.847,0,0.0328,0.989,0.946,0.129,0.208,85.408,226025,4,6
6pGvG8RMWD19UTLDPf5Gei,Things To Look Forward To,Trio Del Norte,https://p.scdn.co/mp3-preview/7652aaad258023dfc878ef75db09f18beb7483df?cid=7ed7c46c328045f7bc4fca6c7d81d3c0,0.513,0.259,2,-12.537,1,0.0315,0.918,0.807,0.107,0.107,77.88,245682,3,6
2uFnSCNpfxySA144y7iIxq,Did you dream too,Noel Hayes,https://p.scdn.co/mp3-preview/93716a91cc3e31309d458669a68a572e4661e209?cid=7ed7c46c328045f7bc4fca6c7d81d3c0,0.375,0.174,1,-17.577,1,0.0377,0.9,0.914,0.117,0.163,84.148,220009,4,6
6GqR4kbLTMfwJ2hFDZclMv,If I could just go back,Louie Hobbs Trio,https://p.scdn.co/mp3-preview/bf454f4c4976755269de8dacee634ba92ce2c143?cid=7ed7c46c328045f7bc4fca6c7d81d3c0,0.483,0.192,9,-18.021,0,0.0368,0.904,0.839,0.0763,0.0714,110.554,179233,4,6
44U31ReufqAcif83U3ACf1,All Hands On Deck!,Pearl Street Trio,https://p.scdn.co/mp3-preview/15a2a876a5c418c4e76324a507e8572c2f52f9c8?cid=7ed7c46c328045f7bc4fca6c7d81d3c0,0.471,0.101,3,-20.535,1,0.0383,0.968,0.895,0.103,0.228,124.571,193020,4,6
0gyjqALKXPICWiV5j7Bddn,Come on... Lucky!,The Three Queens,https://p.scdn.co/mp3-preview/bb477e43564d65ac48e7fbf726e47770b8706d5b?cid=7ed7c46c328045f7bc4fca6c7d81d3c0,0.416,0.126,2,-20.798,0,0.0335,0.982,0.92,0.0977,0.224,59.527,164859,4,6
08WnE2pJN9r7WirMgSFlJf,Shadows,Herman Fred Trio,https://p.scdn.co/mp3-preview/e449ad3f17e4a672376c5190f82b8169acb14097?cid=7ed7c46c328045f7bc4fca6c7d81d3c0,0.599,0.0926,3,-21.799,1,0.0434,0.949,0.94,0.107,0.117,115.265,216174,4,6
74NmDsFZbbS0T7Zc2z74Cd,Summer In Central Park,Hudson Harris & Haim,https://p.scdn.co/mp3-preview/570346884aaaf819dcc76b32bbcfd07640194e95?cid=7ed7c46c328045f7bc4fca6c7d81d3c0,0.457,0.13,2,-18.94,1,0.0462,0.976,0.915,0.0785,0.215,112.553,208217,3,6
4ln4s0kVCZyH0lK6MioPYk,A Certain Smile,Neo Fourths Trio,https://p.scdn.co/mp3-preview/504c4dcc7c923dcacc4471d2f98896fc22671350?cid=7ed7c46c328045f7bc4fca6c7d81d3c0,0.56,0.0526,4,-20.468,1,0.046,0.928,0.862,0.11,0.255,103.905,230930,4,6
0xczcAK509NavYmwkard4Q,Think of refusing,Jazmina Tozer Three,https://p.scdn.co/mp3-preview/ed32f469b78720a6563f1cb78c0ecb374e07addc?cid=7ed7c46c328045f7bc4fca6c7d81d3c0,0.311,0.132,7,-19.652,1,0.0478,0.965,0.969,0.357,0.231,58.948,231901,4,6
33sW1w6GqKgSolhokSdhpd,What A Little Moonlight Can Do,Gottfried Barber Trio,https://p.scdn.co/mp3-preview/cc0086e0b14a6732170891e30b89d7e749d464b2?cid=7ed7c46c328045f7bc4fca6c7d81d3c0,0.335,0.203,8,-16.864,1,0.0331,0.948,0.94,0.201,0.202,173.515,153061,3,6
0QPlQSzKFeCaUUsTKI5l3H,I'll Take Romance,Cecil Andrews,https://p.scdn.co/mp3-preview/27b0df143c01642c5717c69ec314882cf021d83f?cid=7ed7c46c328045f7bc4fca6c7d81d3c0,0.568,0.143,5,-16.994,1,0.0381,0.964,0.864,0.0962,0.126,105.323,226611,3,6
4Ol91F33J7jGfPjRubHbEk,Love on a Lonely Street,The Ebbing Tides,https://p.scdn.co/mp3-preview/483c2ee7b6019fd15cf42a23b994c1dcc388130c?cid=7ed7c46c328045f7bc4fca6c7d81d3c0,0.401,0.111,11,-21.475,1,0.0338,0.868,0.376,0.117,0.186,145.12,183688,3,6
1ImSQqQnC1UmJaKtT3GfEp,Looking Forward,Steve Luke & Holloway,https://p.scdn.co/mp3-preview/e7fc017bf1066d10d6fb2b2575b0e539e8e8dc89?cid=7ed7c46c328045f7bc4fca6c7d81d3c0,0.334,0.193,8,-18.841,1,0.0351,0.985,0.966,0.229,0.093,107.149,191875,4,6
0MTxJdAZ7XYz5ES0GT5Dd7,Holograms,Rossdale Junction,https://p.scdn.co/mp3-preview/d507d6062b1106369898d87afba32499892b70ce?cid=7ed7c46c328045f7bc4fca6c7d81d3c0,0.438,0.147,9,-18.298,0,0.0308,0.909,0.829,0.102,0.108,57.908,232213,4,6
43bLhZkulGIf55O7fpRRok,You Go To My Heart,Darlington,https://p.scdn.co/mp3-preview/236aa05f7364d4b12742e6a3a76a14967c1e7874?cid=7ed7c46c328045f7bc4fca6c7d81d3c0,0.429,0.268,7,-13.425,1,0.0343,0.957,0.435,0.105,0.173,111.144,221397,4,6
7F8Hn4PBfwWPr6eK6ow1lp,A Real Show,Motor City Trio,https://p.scdn.co/mp3-preview/6c13920a65c03200eb5f3773eb09fe5d024ba8cd?cid=7ed7c46c328045f7bc4fca6c7d81d3c0,0.321,0.0924,10,-21.266,0,0.0373,0.986,0.765,0.104,0.193,180.621,174091,3,6
3jiTehDiPwfIxr9MHfPUvb,The Beauty of Everyday Things,Hara Noda,https://p.scdn.co/mp3-preview/9a7cb59413470354e795b693581644f36cf4d1c2?cid=7ed7c46c328045f7bc4fca6c7d81d3c0,0.643,0.28,10,-13.774,1,0.0332,0.965,0.867,0.107,0.0865,108.046,203097,4,6
51JcTTZu3LG8aDEXBA4XzV,Storvindeln,Bladverk Band,https://p.scdn.co/mp3-preview/8da5331a63aff9411f2db35ffb224f125d9592fe?cid=7ed7c46c328045f7bc4fca6c7d81d3c0,0.55,0.153,7,-19.221,1,0.0339,0.914,0.711,0.107,0.0603,54.97,216670,4,6
23yV324zCQ7eARFz6qZxxt,Too Young To Go Steady,Angela Rowles,https://p.scdn.co/mp3-preview/c0ebbb6c8af1066e4aa4ea95de73b3dd436840c7?cid=7ed7c46c328045f7bc4fca6c7d81d3c0,0.572,0.132,0,-16.39,1,0.0406,0.95,0.94,0.105,0.257,83.812,146134,4,6
1ZmQ6hnTsXicbT8DnOmdBi,In The Normal World,Norris Walker Trio,https://p.scdn.co/mp3-preview/93c4df155956bd20bc4d7abba85794c42120a8ed?cid=7ed7c46c328045f7bc4fca6c7d81d3c0,0.463,0.0917,0,-17.759,1,0.0402,0.974,0.973,0.0952,0.0909,80.902,220728,4,6
2xdVhhcaljRGvDEcVRHLQ1,Spring Evening,Vendla,https://p.scdn.co/mp3-preview/4ef1577c3660040f27298feef2baee7b83838da3?cid=7ed7c46c328045f7bc4fca6c7d81d3c0,0.566,0.247,3,-14.094,1,0.031,0.922,0.203,0.315,0.202,109.177,221696,4,6
1iceRErjDazYdrZoB8eo48,Lake Arrowhead,George Kuntz Four,https://p.scdn.co/mp3-preview/901bf6f686a7b2280b656b6e49bb9629cf31c4dc?cid=7ed7c46c328045f7bc4fca6c7d81d3c0,0.323,0.153,10,-16.153,1,0.0461,0.973,0.923,0.125,0.179,65.381,218254,4,6
1WmWY8MVCl3iPZ4u1k9sLa,Conceptions,Mitch Coleman,https://p.scdn.co/mp3-preview/f181057a8457dd8b2dfd9ed79b02b3eed4bed6a0?cid=7ed7c46c328045f7bc4fca6c7d81d3c0,0.538,0.161,0,-15.046,1,0.0518,0.982,0.296,0.291,0.21,121.574,196500,4,6
1vwtIkZtFqmekoyuHH5jxO,Just For Tonight,CMC 3,https://p.scdn.co/mp3-preview/c5970988d32220810037d183181d06a3f2ff745d?cid=7ed7c46c328045f7bc4fca6c7d81d3c0,0.498,0.21,2,-16.873,0,0.0346,0.885,0.912,0.135,0.0805,101.877,164446,4,6
1D1E8UfZDUk0FZ2ZhlW1OF,Cabin In The Sky,Andy Luma Trio,https://p.scdn.co/mp3-preview/410377b8040324fb5323c3090d2c77cf8ffda80e?cid=7ed7c46c328045f7bc4fca6c7d81d3c0,0.483,0.167,5,-14.758,1,0.0341,0.936,0.9,0.0863,0.169,96.578,204301,4,6
4X4PGg2TnRyXZS9lsY8Hl7,On The Sunny Side Of The Street,Syncopation Station,https://p.scdn.co/mp3-preview/10401630f3e8a95e979242c02be1f99d1fce87dd?cid=7ed7c46c328045f7bc4fca6c7d81d3c0,0.385,0.0565,11,-22.853,1,0.0401,0.932,0.934,0.121,0.213,82.253,203193,4,6
12SBeS47Z8b1N6FqbfXhL7,Once In A While,Bill Walton,https://p.scdn.co/mp3-preview/d19050fecce8410fedb1f6bbe2cb89f56d8a3fca?cid=7ed7c46c328045f7bc4fca6c7d81d3c0,0.548,0.145,3,-18.016,1,0.0352,0.963,0.933,0.107,0.159,68.209,233592,4,6
6GD9L0BqpyENa325mplxQ9,Leaf Line,The Levon Trio,https://p.scdn.co/mp3-preview/b936a1c9684f8cd9ebc08383b340662c04b96ae4?cid=7ed7c46c328045f7bc4fca6c7d81d3c0,0.477,0.299,3,-14.072,0,0.0388,0.945,0.913,0.132,0.0855,114.114,161444,4,6
02i1UXUUB9PN5zFqTZJ0Yo,For Heaven's Sake,Felix McCoy Quartet,https://p.scdn.co/mp3-preview/1fef20cb1e1131afbcdd759f4ebc0dfc4501a3a6?cid=7ed7c46c328045f7bc4fca6c7d81d3c0,0.274,0.118,5,-18.171,1,0.0349,0.957,0.931,0.11,0.238,59.671,210680,4,6
5hQBsGeVd6IwmuNXG744pg,Incognito,Lee Davis,https://p.scdn.co/mp3-preview/d05e9be31ef6172897260babef4f55ca34995cc6?cid=7ed7c46c328045f7bc4fca6c7d81d3c0,0.52,0.105,0,-19.122,1,0.0408,0.945,0.86,0.119,0.168,115.22,272092,4,6
2l0iO5UB8vLpgjjih8sUYD,Alfie,Old Town Trio,https://p.scdn.co/mp3-preview/8d40d05abb46dc9395f5427f5c6ed9e82f2d2225?cid=7ed7c46c328045f7bc4fca6c7d81d3c0,0.517,0.133,5,-18.282,1,0.037,0.954,0.908,0.145,0.0545,98.816,217502,4,6
7cZxQ0m9bK0TLsaUD2UoQd,Midnight Fairytale,Tanner King Trio,https://p.scdn.co/mp3-preview/dc8d7d47ecd9181641fc0648dfe2d1054cdf9235?cid=7ed7c46c328045f7bc4fca6c7d81d3c0,0.502,0.168,0,-15.757,1,0.0355,0.969,0.971,0.111,0.158,123.575,129415,4,6
7BgjINRWnW9fIiuLdMXQ5R,chemin de la lune,Kuipers & Winter,https://p.scdn.co/mp3-preview/416d0b238aa96542e3e30bfc72dace9fd7476e71?cid=7ed7c46c328045f7bc4fca6c7d81d3c0,0.385,0.0793,10,-18.672,1,0.0374,0.943,0.196,0.103,0.151,100.938,219274,4,6
064k0lT6tP4AdWull7SSz0,You Do Something To Me,Belmont Central,https://p.scdn.co/mp3-preview/960374566da3194a5dbbaf584411d5c8e5414fd4?cid=7ed7c46c328045f7bc4fca6c7d81d3c0,0.529,0.198,0,-13.694,0,0.0385,0.944,0.682,0.214,0.132,110.815,190844,4,6
5BDOsVUha92UcNnDmZkWTR,Don't Blame Me,Rudy Winston,https://p.scdn.co/mp3-preview/884fd96cbbbcce99dd108153e72aba2bdfda3990?cid=7ed7c46c328045f7bc4fca6c7d81d3c0,0.606,0.215,9,-15.602,0,0.0498,0.943,0.945,0.201,0.213,66.969,186090,4,6
1AMYy0LjeIQ5jVs7J0ym9P,Cherry Blossom,The Grace Smith Gang,https://p.scdn.co/mp3-preview/a641d7ddbad71fab4be9700f1c949068c9a69ffa?cid=7ed7c46c328045f7bc4fca6c7d81d3c0,0.504,0.0613,2,-21.241,0,0.0381,0.864,0.455,0.109,0.182,105.658,188681,4,6
6Z2gqKsxunB5ILpTiAn6Wg,I'm Old Fashioned,Hooks and Lines,https://p.scdn.co/mp3-preview/eb3b2851845864307fa19fa89e169fd6874219b9?cid=7ed7c46c328045f7bc4fca6c7d81d3c0,0.547,0.0197,5,-22.455,1,0.0444,0.935,0.884,0.107,0.192,99.639,191017,4,6
3XCyhZ9xWZyF1Rn9lZJqCZ,Views Of Dawn,Mandevilla,https://p.scdn.co/mp3-preview/db070e5bb7749b5be434c304722438877898de9e?cid=7ed7c46c328045f7bc4fca6c7d81d3c0,0.599,0.153,0,-17.978,1,0.0402,0.963,0.846,0.103,0.0682,67.423,293750,4,6
2ixKm55QpuEkEKHVGHWCNQ,I Wish I Knew,Yorkville,https://p.scdn.co/mp3-preview/d402719bbae091e1c5c2d2d0de638812be0c3566?cid=7ed7c46c328045f7bc4fca6c7d81d3c0,0.428,0.2,7,-15.452,1,0.0347,0.968,0.906,0.122,0.205,108.653,229505,4,6
0aYO1PA22QmRVz7mYXAiUT,From My Perspective,Eduard Landings,https://p.scdn.co/mp3-preview/e5b96513f8928556457c57e0850d25669a560f1b?cid=7ed7c46c328045f7bc4fca6c7d81d3c0,0.464,0.136,8,-19.837,1,0.0329,0.932,0.924,0.206,0.146,107.925,242833,4,6
1Eh0sGvTxDYx13pE2PBpEn,Candy,Irvin Smith Group,https://p.scdn.co/mp3-preview/87784b9c51abd0c2983c495e681c8cd4b77aa2ea?cid=7ed7c46c328045f7bc4fca6c7d81d3c0,0.553,0.121,10,-15.262,1,0.0445,0.936,0.418,0.0956,0.172,114.29,204084,4,6
4UsWPDI7ztp83qi9QVLp0C,Ruby My Dear,The Dox Band,https://p.scdn.co/mp3-preview/3ff478254b4726a9f5a42592765898dfd0b77f3f?cid=7ed7c46c328045f7bc4fca6c7d81d3c0,0.547,0.21,8,-15.526,1,0.0394,0.928,0.898,0.116,0.0571,68.069,231674,4,6
4tmD3aQkmBEO9JOR1hEAdY,Love In Your Arms,Paul Moretti Trio,https://p.scdn.co/mp3-preview/73b1a4d43f371f613d46862ba0e8e793c711ba47?cid=7ed7c46c328045f7bc4fca6c7d81d3c0,0.387,0.22,2,-15.127,1,0.0308,0.885,0.369,0.0959,0.0769,97.726,202873,4,6
3aEzo1qHVQU5S3nsjFfx0V,Tangerine,Tribute Trio,https://p.scdn.co/mp3-preview/15ec32bac5c5d9cbb871c4555182e258d5283c76?cid=7ed7c46c328045f7bc4fca6c7d81d3c0,0.508,0.141,5,-19.131,1,0.0331,0.945,0.9,0.1,0.213,111.717,179064,4,6
2mxkWAgoZBU1lRmxp8KEBt,the first time I saw you,Cole Peers trio,https://p.scdn.co/mp3-preview/3ce35d006635a763d25d37b2c6ef4fdefe175231?cid=7ed7c46c328045f7bc4fca6c7d81d3c0,0.496,0.0925,3,-20.209,1,0.0336,0.923,0.781,0.112,0.203,139.739,175500,4,6
7sDq8pkhmQJCkRR68jnnzz,Snowbound,Songbird Trio,https://p.scdn.co/mp3-preview/89a0336792347f0bbbf306f00f890673212fd394?cid=7ed7c46c328045f7bc4fca6c7d81d3c0,0.474,0.19,7,-16.562,0,0.0334,0.963,0.852,0.0953,0.082,67.561,208507,3,6
4vboPyW29H2sAjUWUrOvnh,A Two Way Love,David Parks & Silver,https://p.scdn.co/mp3-preview/6e55b7029a9deb175aab8f8bda7d8bc3424f584e?cid=7ed7c46c328045f7bc4fca6c7d81d3c0,0.402,0.177,9,-18.283,1,0.036,0.949,0.917,0.125,0.178,134.692,170971,4,6
6btI0640swxVX0ylPLwWFF,Lost in Loneliness,Harper Douglas,https://p.scdn.co/mp3-preview/a20a36964a0de94af34f025da74595d9401162df?cid=7ed7c46c328045f7bc4fca6c7d81d3c0,0.447,0.204,0,-15.721,1,0.0402,0.818,0.308,0.0946,0.096,102.357,236000,4,6
08Y2U1Z3FuXOYNRZgUHXHk,A place I knew,The Sweetgreens,https://p.scdn.co/mp3-preview/7d45ec6d696fdcfbbd3ea0f44c38502d17900d58?cid=7ed7c46c328045f7bc4fca6c7d81d3c0,0.431,0.105,7,-20.001,1,0.0353,0.958,0.94,0.109,0.381,102.214,160867,4,6
2tqQyujiRxEHUwRF9uNZCf,Guess the difference?,Lia Riggs Trio,https://p.scdn.co/mp3-preview/94d9e4e0e5f7294efe3818c8f26009b63412e4b8?cid=7ed7c46c328045f7bc4fca6c7d81d3c0,0.318,0.0845,5,-19.999,1,0.0474,0.969,0.887,0.101,0.309,175.585,199924,3,6
5KGvJsyIZKQ2bTBzqd3Shh,Dolphin Dance,Eternal Time Trio,https://p.scdn.co/mp3-preview/d77a9407c2249597227647fe2c5b02cabe9d54c6?cid=7ed7c46c328045f7bc4fca6c7d81d3c0,0.599,0.156,3,-17.213,1,0.0456,0.956,0.965,0.126,0.0735,106.191,166678,4,6
1JZCH5xEj7DwhLpQIj1ZtX,June in January,Flatland Park,https://p.scdn.co/mp3-preview/323dc1abd5eeb16d2ce912b96903d9431a6186c1?cid=7ed7c46c328045f7bc4fca6c7d81d3c0,0.659,0.181,8,-16.523,1,0.0363,0.929,0.769,0.136,0.265,107.618,229064,4,6
37nnBZliiFwBAYZolb1e0W,My Words Are Not Enough,Alec Taylor Trio,https://p.scdn.co/mp3-preview/574e465338f653548c822285b0dd4f771211d4fd?cid=7ed7c46c328045f7bc4fca6c7d81d3c0,0.54,0.158,0,-16.025,0,0.0329,0.947,0.883,0.105,0.169,100.912,162156,4,6
